<streaminginfos>
<streaminginfo><cname>Bein Sport 1</cname><url>4001</url></streaminginfo>
<streaminginfo><cname>Bein Sport 2</cname><url>4002</url></streaminginfo>
<streaminginfo><cname>Bein Sport 3</cname><url>4003</url></streaminginfo>
<streaminginfo><cname>Bein Sport 4</cname><url>4004</url></streaminginfo>
<streaminginfo><cname>Bein Sport 5</cname><url>4005</url></streaminginfo>
<streaminginfo><cname>Bein Sport 6</cname><url>4006</url></streaminginfo>
<streaminginfo><cname>Bein Sport 7</cname><url>4007</url></streaminginfo>
<streaminginfo><cname>Bein Sport 8</cname><url>4008</url></streaminginfo>
<streaminginfo><cname>Bein Sport 9</cname><url>4009</url></streaminginfo>
<streaminginfo><cname>Bein Sport 10</cname><url>4010</url></streaminginfo>
<streaminginfo><cname>Bein 1 FR</cname><url>4016</url></streaminginfo>
<streaminginfo><cname>Bein 2 FR</cname><url>4017</url></streaminginfo>

<streaminginfo><cname>Dubai Sport 3</cname><url>4025</url></streaminginfo>
<streaminginfo><cname>TRT Spor 3</cname><url>4026</url></streaminginfo>
<streaminginfo><cname>MBC PRO SP1</cname><url>4133</url></streaminginfo>
<streaminginfo><cname>MBC PRO SP2</cname><url>4134</url></streaminginfo>
<streaminginfo><cname>MBC PRO SP3</cname><url>4135</url></streaminginfo>
<streaminginfo><cname>Nile Sport</cname><url>4136</url></streaminginfo>

<streaminginfo><cname>Art Aflam 1</cname><url>4306</url></streaminginfo>
<streaminginfo><cname>Art Aflam 2</cname><url>4307</url></streaminginfo>
<streaminginfo><cname>MBC Masr</cname><url>4320</url></streaminginfo>
<streaminginfo><cname>Sudan TV</cname><url>4321</url></streaminginfo>
<streaminginfo><cname>Dream 1</cname><url>4324</url></streaminginfo>
<streaminginfo><cname>Sky Sports 1</cname><url>4284</url></streaminginfo>
<streaminginfo><cname>Sky Sports 3</cname><url>4286</url></streaminginfo>



<streaminginfo><cname>Oman Sport</cname><url>4129</url></streaminginfo>
<streaminginfo><cname>Sky sports 4</cname><url>4130</url></streaminginfo>

<streaminginfo><cname>New</cname><url>4245</url></streaminginfo>
<streaminginfo><cname>New</cname><url>4246</url></streaminginfo>
<streaminginfo><cname>New</cname><url>4247</url></streaminginfo>
<streaminginfo><cname>New</cname><url>4248</url></streaminginfo>
<streaminginfo><cname>New</cname><url>4249</url></streaminginfo>
<streaminginfo><cname>New</cname><url>4250</url></streaminginfo>
<streaminginfo><cname>New</cname><url>4251</url></streaminginfo>
<streaminginfo><cname>New</cname><url>4252</url></streaminginfo>
<streaminginfo><cname>New Channel</cname><url>4254</url></streaminginfo>
<streaminginfo><cname>Sky sports 1</cname><url>4284</url></streaminginfo>
<streaminginfo><cname>Sky sports 3</cname><url>4286</url></streaminginfo>

<streaminginfo><cname>Dubai Sport 1</cname><url>4317</url></streaminginfo>
<streaminginfo><cname>MBC Masr</cname><url>4320</url></streaminginfo>
<streaminginfo><cname>Sudan TV</cname><url>4321</url></streaminginfo>
<streaminginfo><cname>Dream 1</cname><url>4324</url></streaminginfo>
<streaminginfo><cname>Eurosport 1</cname><url>4326</url></streaminginfo>
<streaminginfo><cname>Aliraqiya</cname><url>4351</url></streaminginfo>
<streaminginfo><cname>Al-hurra Iraq</cname><url>4352</url></streaminginfo>
<streaminginfo><cname>Al Iraqiya Tarbawiyah</cname><url>4354</url></streaminginfo>
<streaminginfo><cname>New Channel</cname><url>4355</url></streaminginfo>
<streaminginfo><cname>Aliraqiya</cname><url>4356</url></streaminginfo>
<streaminginfo><cname>Al Iraqiya Sport</cname><url>4357</url></streaminginfo>
<streaminginfo><cname>Al Baghdadia</cname><url>4359</url></streaminginfo>
<streaminginfo><cname>CBC Drama</cname><url>4391</url></streaminginfo>
<streaminginfo><cname>CBC 2</cname><url>4392</url></streaminginfo>
<streaminginfo><cname>CBC</cname><url>4393</url></streaminginfo>
<streaminginfo><cname>CBC Extra</cname><url>4394</url></streaminginfo>
<streaminginfo><cname>Dream 2</cname><url>4397</url></streaminginfo>
<streaminginfo><cname>Aljazeera Doc</cname><url>4423</url></streaminginfo>
<streaminginfo><cname>Aljazeera Mubasher</cname><url>4424</url></streaminginfo>
<streaminginfo><cname>Aljazeera</cname><url>4425</url></streaminginfo>
<streaminginfo><cname>Arrabia</cname><url>4426</url></streaminginfo>
<streaminginfo><cname>alkass</cname><url>4428</url></streaminginfo>
<streaminginfo><cname>alkass</cname><url>4429</url></streaminginfo>

<streaminginfo><cname>Future TV</cname><url>6000</url></streaminginfo>
<streaminginfo><cname>LBC</cname><url>6001</url></streaminginfo>
<streaminginfo><cname>alkass</cname><url>6003</url></streaminginfo>
<streaminginfo><cname>Cinema Pro</cname><url>6004</url></streaminginfo>
<streaminginfo><cname>Al Rasheed</cname><url>6005</url></streaminginfo>
<streaminginfo><cname>Al Sharqiya</cname><url>6006</url></streaminginfo>
<streaminginfo><cname>Melody Classic</cname><url>6007</url></streaminginfo>
<streaminginfo><cname>OTV Lebanon</cname><url>6008</url></streaminginfo>
<streaminginfo><cname>Al-Resalah</cname><url>6009</url></streaminginfo>
<streaminginfo><cname>Fox</cname><url>6010</url></streaminginfo>
<streaminginfo><cname>Fox Movies</cname><url>6011</url></streaminginfo>
<streaminginfo><cname>Rotana Music</cname><url>6012</url></streaminginfo>
<streaminginfo><cname>Rotana Cinema</cname><url>6013</url></streaminginfo>
<streaminginfo><cname>Rotana Aflam</cname><url>6014</url></streaminginfo>
<streaminginfo><cname>Rotana Classic</cname><url>6015</url></streaminginfo>
<streaminginfo><cname>Rotana Clip</cname><url>6016</url></streaminginfo>
<streaminginfo><cname>Rotana Khaligi</cname><url>6017</url></streaminginfo>
<streaminginfo><cname>Rotana Masriya</cname><url>6018</url></streaminginfo>
<streaminginfo><cname>Ajman</cname><url>6019</url></streaminginfo>
<streaminginfo><cname>Noor Dubai</cname><url>6020</url></streaminginfo>
<streaminginfo><cname>GearOne</cname><url>6021</url></streaminginfo>
<streaminginfo><cname>LDC</cname><url>6022</url></streaminginfo>
<streaminginfo><cname>TV5 Monde Orient</cname><url>6023</url></streaminginfo>
<streaminginfo><cname>Orient News</cname><url>6024</url></streaminginfo>
<streaminginfo><cname>Dubai One</cname><url>6025</url></streaminginfo>
<streaminginfo><cname>Abu Dhabi Sport 1</cname><url>6026</url></streaminginfo>
<streaminginfo><cname>CNBC Arabic</cname><url>6027</url></streaminginfo>
<streaminginfo><cname>MBC</cname><url>6029</url></streaminginfo>
<streaminginfo><cname>Abu Dhabi</cname><url>6028</url></streaminginfo>
<streaminginfo><cname>MBC 2</cname><url>6030</url></streaminginfo>
<streaminginfo><cname>MBC 4</cname><url>6031</url></streaminginfo>
<streaminginfo><cname>MBC 3</cname><url>6032</url></streaminginfo>
<streaminginfo><cname>MBC Action</cname><url>6033</url></streaminginfo>
<streaminginfo><cname>MBC Bollywood</cname><url>6034</url></streaminginfo>
<streaminginfo><cname>MBC Drama</cname><url>6035</url></streaminginfo>
<streaminginfo><cname>MBC Max</cname><url>6036</url></streaminginfo>
<streaminginfo><cname>NBN</cname><url>6038</url></streaminginfo>
<streaminginfo><cname>Al Manar</cname><url>6039</url></streaminginfo>
<streaminginfo><cname>Aljadeed</cname><url>6040</url></streaminginfo>
<streaminginfo><cname>MTV</cname><url>6041</url></streaminginfo>
<streaminginfo><cname>B4U Aflam</cname><url>6042</url></streaminginfo>
<streaminginfo><cname>B4u Plus</cname><url>6043</url></streaminginfo>
<streaminginfo><cname>TFI</cname><url>6046</url></streaminginfo>
<streaminginfo><cname>M6</cname><url>6047</url></streaminginfo>
<streaminginfo><cname>W9</cname><url>6049</url></streaminginfo>
<streaminginfo><cname>D8</cname><url>6048</url></streaminginfo>
<streaminginfo><cname>Al Maghribia</cname><url>6051</url></streaminginfo>
<streaminginfo><cname>2M</cname><url>6052</url></streaminginfo>
<streaminginfo><cname>BBC Arabic</cname><url>6053</url></streaminginfo>
<streaminginfo><cname>France 24</cname><url>6054</url></streaminginfo>
<streaminginfo><cname>Algeria 3</cname><url>6055</url></streaminginfo>
<streaminginfo><cname>Samira Tv</cname><url>6056</url></streaminginfo>
<streaminginfo><cname>Nessma</cname><url>6057</url></streaminginfo>
<streaminginfo><cname>Alriadia Sport</cname><url>6061</url></streaminginfo>
<streaminginfo><cname>Al oula Maroc</cname><url>6065</url></streaminginfo>
<streaminginfo><cname>KNN</cname><url>6066</url></streaminginfo>
<streaminginfo><cname>GK</cname><url>6067</url></streaminginfo>
<streaminginfo><cname>Rudaw</cname><url>6068</url></streaminginfo>
<streaminginfo><cname>NRT</cname><url>6069</url></streaminginfo>
<streaminginfo><cname>New Channel</cname><url>6070</url></streaminginfo>
<streaminginfo><cname>Kudaw</cname><url>6071</url></streaminginfo>
</streaminginfos>
