<streamingsources>
<source>
<id>td</id>
<shortname>TD</shortname>
<sname>Teledunet.com</sname>
<colour>red</colour>
<baseurl>http://www.teledunet.com/</baseurl>
<enabled>True</enabled>
<urlfile>teledunetUrls.xml</urlfile>
<rtmpstring>%s playpath=%s swfUrl=http://www.teledunet.com/mobile/player.swf%s&amp;channel=%s&amp;user=%s&amp;token=%s pageUrl=http://www.teledunet.com/mobile/ flashVer=WIN\2017,0,0,169  live=true timeout=15</rtmpstring>
<imageurl>http://www.teledunet.com/icon.png</imageurl>
<processor>teledunetPlayer.py</processor>
</source>
<source>
<id>livetv</id>
<shortname>LTV</shortname>
<sname>livetv.tn</sname>
<colour>yellow</colour>
<baseurl>http://www.livetv.tn/</baseurl>
<enabled>True</enabled>
<urlfile>livetvUrls.xml</urlfile>
<imageurl>http://www.livetv.tn/images/logoc.png</imageurl>
<processor>livetvPlayer.py</processor>
<rtmpstring>rtmp://iptv.livetv.tn/live app=live tcUrl=rtmp://iptv.livetv.tn/live  playpath=%s?code=%s swfUrl=http://www.livetv.tn/flowplayer-3.2.7.swf pageUrl=%s swfVfy=true  timeout=15 flashver=WIN\2013,0,0,214</rtmpstring>
</source>

<source>
<id>generic</id>
<shortname>SH</shortname>
<sname>Shani</sname>
<colour>green</colour>
<baseurl>http://website.com</baseurl>
<enabled>True</enabled>
<urlfile>genericUrls.xml</urlfile>
<imageurl>http://mylogo.com</imageurl>
<processor>genericPlayer.py</processor>
</source>
<source>
<id>generic</id>
<shortname>PC</shortname>
<sname>PC</sname>
<colour>FFDEB887</colour>
<baseurl>http://website.com</baseurl>
<enabled>True</enabled>
<urlfile>palestinecoolUrls.xml</urlfile>
<imageurl>http://mylogo.com</imageurl>
<processor>genericPlayer.py</processor>
</source>
<source>
<id>generic</id>
<shortname>ZOM</shortname>
<colour>FF7FFFD4</colour>
<sname>Zombi</sname>
<baseurl>http://website.com</baseurl>
<enabled>True</enabled>
<urlfile>ZombiList.xml</urlfile>
<imageurl>http://mylogo.com</imageurl>
<processor>genericPlayer.py</processor>
</source>
<source>
<id>generic</id>
<shortname>LOC</shortname>
<sname>Local</sname>
<colour>FFFFF8DC</colour>
<baseurl>http://website.com</baseurl>
<enabled>True</enabled>
<urlfile></urlfile>
<imageurl>http://mylogo.com</imageurl>
<processor>genericPlayer.py</processor>
</source>
<source>
<id>generic</id>
<shortname>GLA</shortname>
<sname>GLArab</sname>
<colour>FF7FFF00</colour>
<baseurl>http://website.com</baseurl>
<enabled>True</enabled>
<urlfile>glarabUrls.xml</urlfile>
<imageurl>http://mylogo.com</imageurl>
<processor>genericPlayer.py</processor>
</source>

<source>
<id>generic</id>
<shortname>MTB</shortname>
<sname>magictvBox</sname>
<colour>Brown</colour>
<baseurl>http://website.com</baseurl>
<enabled>True</enabled>
<urlfile>magictvBoxUrls.xml</urlfile>
<imageurl>http://mylogo.com</imageurl>
<processor>genericPlayer.py</processor>
</source>

<source>
<id>generic</id>
<shortname>EM</shortname>
<sname>Emad</sname>
<colour>FFD2691E</colour>
<baseurl>http://website.com</baseurl>
<enabled>True</enabled>
<urlfile>emadUrls.xml</urlfile>
<imageurl>http://mylogo.com</imageurl>
<processor>genericPlayer.py</processor>
</source>
<source>
<id>FilmOn</id>
<shortname>FO</shortname>
<sname>FilmOn</sname>
<colour>FF008B8B</colour>
<baseurl>http://www.filmon.com/</baseurl>
<enabled>True</enabled>
<urlfile>filmonUrls.xml</urlfile>
<rtmpstring>%s playpath=%s swfUrl=http://www.filmon.com/tv/modules/FilmOnTV/files/flashapp/filmon/FilmonPlayer.swf pageUrl=http://www.filmon.com live=true timeout=15</rtmpstring>
<imageurl>http://www.filmon.com/icon.png</imageurl>
<processor>filmonPlayer.py</processor>
</source>
<source>
<id>generic</id>
<shortname>Of</shortname>
<sname>Official</sname>
<colour>FF8B008B</colour>
<baseurl>http://website.com</baseurl>
<enabled>True</enabled>
<urlfile>OfficialUrls.xml</urlfile>
<imageurl>http://mylogo.com</imageurl>
<processor>genericPlayer.py</processor>
</source>
<source>
<id>generic</id>
<shortname>Tel</shortname>
<sname>Telvza</sname>
<colour>FF8B009B</colour>
<baseurl>http://website.com</baseurl>
<enabled>True</enabled>
<urlfile>TelvzaUrls.xml</urlfile>
<imageurl>http://mylogo.com</imageurl>
<processor>genericPlayer.py</processor>
</source>
<source>
<id>iptvplanet</id>
<shortname>planet</shortname>
<sname>IPTVPlanet</sname>
<colour>FF8B009B</colour>
<baseurl>http://website.com</baseurl>
<enabled>True</enabled>
<urlfile>IPTVPlanetUrls.xml</urlfile>
<imageurl>http://mylogo.com</imageurl>
<processor>genericPlayer.py</processor>
</source>

<source>
<id>ss</id>
<shortname>ss</shortname>
<sname>ss</sname>
<colour>blue</colour>
<baseurl>http://ss.com/</baseurl>
<enabled>True</enabled>
<urlfile>ssUrls.xml</urlfile>
<rtmpstring></rtmpstring>
<imageurl>http://www.ss.com</imageurl>
<processor>ssPlayer.py</processor>
</source>


<source>
<id>ttv</id>
<shortname>ttv</shortname>
<sname>ttv</sname>
<colour>yellow</colour>
<baseurl>http://ttv.com/</baseurl>
<enabled>True</enabled>
<urlfile>ttvUrls.xml</urlfile>
<rtmpstring></rtmpstring>
<imageurl>http://www.ttv.com</imageurl>
<processor>ttvPlayer.py</processor>
</source>
<source>
<id>generic</id>
<shortname>yo</shortname>
<sname>yo</sname>
<colour>orange</colour>
<baseurl>http://website.com</baseurl>
<enabled>True</enabled>
<urlfile>yoUrls.xml</urlfile>
<imageurl>http://mylogo.com</imageurl>
<processor>genericPlayer.py</processor>
</source>

<source>
<id>generic</id>
<shortname>cdn</shortname>
<sname>cdn</sname>
<colour>violet</colour>
<baseurl>http://website.com</baseurl>
<enabled>True</enabled>
<urlfile>cdnUrls.xml</urlfile>
<imageurl>http://mylogo.com</imageurl>
<processor>genericPlayer.py</processor>
</source>
<source>
<id>generic</id>
<shortname>kar</shortname>
<sname>kar</sname>
<colour>red</colour>
<baseurl>http://website.com</baseurl>
<enabled>True</enabled>
<urlfile>karUrls.xml</urlfile>
<imageurl>http://mylogo.com</imageurl>
<processor>genericPlayer.py</processor>
</source>

</streamingsources>

